DATASET;Name;Data_type;Authority;Preprocessing;last_modified;dataset_Path;subfolders;tiled;extentions;priority;resolution;datum;type;reliability;reference_system;acquisition_date;average_point_density;Data_Hyperlink;Metadata_Hyperlink;Sentinel2_year;Path_extent_file;ApplyCorrection;Description
CLOCA_extent;CLOCA;Lidar-derived DTM;Government of Ontario;False;26/07/2022 14:58:24;MNT_Ontario\CLOCA;False;True;.img;31;0.5;CGVD2013;topo;5;NAD83 CSRS (UTM17);December 9-10 2018;11 pts/m2;https://geohub.lio.gov.on.ca/maps/mnrf::ontario-digital-terrain-model-lidar-derived/about;https://www.publicdocs.mnr.gov.on.ca/mirb/Ontario-DTM-Lidar-Derived-User-Guide.docx;2018;topo\MNT_Ontario\CLOCA_extent.shp;True;High resolution Lidar derived DTM from CLOCA acquistion by the Government of Ontario
GTA_extent;GTA;Lidar-derived DTM;Government of Ontario;False;26/07/2022 17:47:56;MNT_Ontario\GTA;False;True;.img;35;0.5;CGVD2013;topo;5;NAD83 CSRS (UTM17);April 2015;8.96 pts/m2;https://geohub.lio.gov.on.ca/maps/mnrf::ontario-digital-terrain-model-lidar-derived/about;https://www.publicdocs.mnr.gov.on.ca/mirb/Ontario-DTM-Lidar-Derived-User-Guide.docx;2016;topo\MNT_Ontario\GTA_extent.shp;True;High resolution Lidar derived DTM from GTA acquistion by the Government of Ontario
HALTON_extent;HALTON;Lidar-derived DTM;Government of Ontario;False;26/07/2022 16:53:19;MNT_Ontario\HALTON;False;True;.img;32;0.5;CGVD2013;topo;5;NAD83 CSRS (UTM17);March to June 2018;12.8 pts/m2;https://geohub.lio.gov.on.ca/maps/mnrf::ontario-digital-terrain-model-lidar-derived/about;https://www.publicdocs.mnr.gov.on.ca/mirb/Ontario-DTM-Lidar-Derived-User-Guide.docx;2018;topo\MNT_Ontario\HALTON_extent.shp;True;High resolution Lidar derived DTM from HALTON acquistion by the Government of Ontario
Peterborough_extent;OMAFRA;Lidar-derived DTM;Government of Ontario;False;26/07/2022 14:41:20;MNT_Ontario\PETERBOROUGH;False;True;.img;34;0.5;CGVD2013;topo;5;NAD83 CSRS (UTM17);November-December 2016 + April-May and October 2017;8 pts/m2;https://geohub.lio.gov.on.ca/maps/mnrf::ontario-digital-terrain-model-lidar-derived/about;https://www.publicdocs.mnr.gov.on.ca/mirb/Ontario-DTM-Lidar-Derived-User-Guide.docx;2016-2017;topo\MNT_Ontario\Peterborough_extent.shp;True;High resolution Lidar derived DTM from OMAFRA (Peterborough) acquistion by the Government of Ontario
SNC_extent;SNC;Lidar-derived DTM;Government of Ontario;False;26/07/2022 17:29:27;MNT_Ontario\SNC;False;True;.img;33;0.5;CGVD2013;topo;5;NAD83 CSRS (UTM18);November 11-14 (2018) + April 4-22 (2019);8 pts/m2;https://geohub.lio.gov.on.ca/maps/mnrf::ontario-digital-terrain-model-lidar-derived/about;https://www.publicdocs.mnr.gov.on.ca/mirb/Ontario-DTM-Lidar-Derived-User-Guide.docx;2018-2019;topo\MNT_Ontario\SNC_extent.shp;True;High resolution Lidar derived DTM from SNC acquistion by the Government of Ontario
LEAP_extent;LEAP;Lidar-derived DTM;Government of Ontario;False;26/07/2022 19:39:47;MNT_Ontario\LEAP;False;True;.img;43;1;CGVD28;topo;4;NAD83 CSRS (UTM18);May to December 2009;1.3 pts/m2;https://geohub.lio.gov.on.ca/maps/mnrf::ontario-digital-terrain-model-lidar-derived/about;https://www.publicdocs.mnr.gov.on.ca/mirb/Ontario-DTM-Lidar-Derived-User-Guide.docx;2017;topo\MNT_Ontario\LEAP_extent.shp;True;High resolution Lidar derived DTM from LEAP acquistion by the Government of Ontario
Hamilton_Niagara_extent;Hamilton_Niagara;Lidar-derived DTM;Government of Ontario;False;17/10/2022 15:52:11;MNT_NRCAN\missing_tiles;False;True;.tif;30;1;CGVD2013;topo;5;NAD83 CSRS (UTM17);April 5 to May 25 2021;26.4 pts/m2;https://geohub.lio.gov.on.ca/maps/mnrf::ontario-digital-terrain-model-lidar-derived/about;https://www.publicdocs.mnr.gov.on.ca/mirb/Ontario-DTM-Lidar-Derived-User-Guide.docx;2021;topo\MNT_Ontario\Hamilton_Niagara_extent.shp;True;High resolution Lidar derived DTM from Hamilton-Niagara acquistion by the Government of Ontario
1HIE;GLPI_Hill_Island_East;Topobathy_DEM_multisource;ECCC;False;29/09/2022 14:55:49;GLPI\1HIE\DEM;False;False;.tif;12;2;CGVD28;topo_bathy;5;NAD83 CSRS (UTM18N);Multisources;1.3 pts/m2;https://data-donnees.ec.gc.ca/data/climate/systems/modelling-the-response-of-the-great-lakes-coastal-wetlands-to-climate-change-data-inventory/Digital%20Elevation%20Model/USL/1HIE/1HIE_DEM_2m.tif;https://publications.gc.ca/collections/collection_2022/eccc/CW66-778-2-2022-eng.pdf;2018;topo\GLPI\1HIE.shp;False;Seamless topobathy DEM in major wetlands created from various data sources by ECCC, for GLPI study in 2020
2ACM;GLPI_Airport_Creek_Marsh;Topobathy_DEM_multisource;ECCC;False;29/09/2022 14:55:53;GLPI\2ACM\DEM;False;False;.tif;13;2;CGVD28;topo_bathy;4;NAD83 CSRS (UTM18N);Multisources;1.3 pts/m2;https://data-donnees.ec.gc.ca/data/climate/systems/modelling-the-response-of-the-great-lakes-coastal-wetlands-to-climate-change-data-inventory/Digital%20Elevation%20Model/LKO/2ACM/2ACM_DEM_2m.tif; https://publications.gc.ca/collections/collection_2022/eccc/CW66-778-2-2022-eng.pdf;2018;topo\GLPI\2ACM.shp;False;Seamless topobathy DEM in major wetlands created from various data sources by ECCC, for GLPI study in 2020
3SBM;GLPI_South_Bay_Marsh;Topobathy_DEM_multisource;ECCC;False;29/09/2022 14:55:57;GLPI\3SBM\DEM;False;False;.tif;14;2;CGVD28;topo_bathy;5;NAD83 CSRS (UTM18N);Multisources;1.3 pts/m2;https://data-donnees.ec.gc.ca/data/climate/systems/modelling-the-response-of-the-great-lakes-coastal-wetlands-to-climate-change-data-inventory/Digital%20Elevation%20Model/LKO/3SBM/3SBM_DEM_2m.tif; https://publications.gc.ca/collections/collection_2022/eccc/CW66-778-2-2022-eng.pdf;2018;topo\GLPI\3SBM.shp;False;Seamless topobathy DEM in major wetlands created from various data sources by ECCC, for GLPI study in 2020
4WMH;GLPI_Wesleyville_Marsh;Topobathy_DEM_multisource;ECCC;False;29/09/2022 14:55:59;GLPI\4WMH\DEM;False;False;.tif;15;2;CGVD2013;topo_bathy;5;NAD83 CSRS (UTM17N);Multisources;8 pts/m2;https://data-donnees.ec.gc.ca/data/climate/systems/modelling-the-response-of-the-great-lakes-coastal-wetlands-to-climate-change-data-inventory/Digital%20Elevation%20Model/LKO/4WMH/4WMH_DEM_2m.tif; https://publications.gc.ca/collections/collection_2022/eccc/CW66-778-2-2022-eng.pdf;2018;topo\GLPI\4WMH.shp;False;Seamless topobathy DEM in major wetlands created from various data sources by ECCC, for GLPI study in 2020
5LCM;GLPI_Lynde_Creek_Marsh;Topobathy_DEM_multisource;ECCC;False;29/09/2022 14:56:03;GLPI\5LCM\DEM;False;False;.tif;16;2;CGVD2013;topo_bathy;5;NAD83 CSRS (UTM17N);Multisources;15 pts/m2;https://data-donnees.ec.gc.ca/data/climate/systems/modelling-the-response-of-the-great-lakes-coastal-wetlands-to-climate-change-data-inventory/Digital%20Elevation%20Model/LKO/5LCM/5LCM_DEM_2m.tif;https://publications.gc.ca/collections/collection_2022/eccc/CW66-778-2-2022-eng.pdf;2018;topo\GLPI\5LCM.shp;False;Seamless topobathy DEM in major wetlands created from various data sources by ECCC, for GLPI study in 2020
6JSM;GLPI_Jordan_Station_Marsh;Topobathy_DEM_multisource;ECCC;False;29/09/2022 14:56:06;GLPI\6JSM\DEM;False;False;.tif;17;2;CGVD2013;topo_bathy;5;NAD83 CSRS (UTM17N);Multisources;15 pts/m2;https://data-donnees.ec.gc.ca/data/climate/systems/modelling-the-response-of-the-great-lakes-coastal-wetlands-to-climate-change-data-inventory/Digital%20Elevation%20Model/LKO/6JSM/6JSM_DEM_2m.tif;https://publications.gc.ca/collections/collection_2022/eccc/CW66-778-2-2022-eng.pdf;2018;topo\GLPI\6JSM.shp;False;Seamless topobathy DEM in major wetlands created from various data sources by ECCC, for GLPI study in 2020
DRAPE_2014_H_extent;DRAPE_H;Imagery-derived DTM;Government of Ontario;False;06/07/2022 16:08:41;imagery_derived_DEM\DRAPE_2014_H;False;True;.img;54;2;CGVD28;topo;4;NAD83 CSRS (UTM 18);April 28 to June 7 2014;N/A;https://geohub.lio.gov.on.ca/maps/mnrf::ontario-classified-point-cloud-imagery-derived/about;https://www.publicdocs.mnr.gov.on.ca/mirb/Ontario-Class-Point-Cloud-Imagery-Derived-User-Guide.docx;2016;topo\IMAGERY\DRAPE_2014_H_extent.shp;True;High resolution Imagery derived DTM from DRAPE_H acquistion by the Government of Ontario
DRAPE_2014_I_extent;DRAPE_I;Imagery-derived DTM;Government of Ontario;False;06/07/2022 17:31:51;imagery_derived_DEM\DRAPE_2014_I;False;True;.img;55;2;CGVD28;topo;4;NAD83 CSRS (UTM 18);April 28 to June 7 2014;N/A;https://geohub.lio.gov.on.ca/maps/mnrf::ontario-classified-point-cloud-imagery-derived/about;https://www.publicdocs.mnr.gov.on.ca/mirb/Ontario-Class-Point-Cloud-Imagery-Derived-User-Guide.docx;2016;topo\IMAGERY\DRAPE_2014_I_extent.shp;True;High resolution Imagery derived DTM from DRAPE_I acquistion by the Government of Ontario
SCOOP_2013_H_extent;SCOOP_H;Imagery-derived DTM;Government of Ontario;False;22/11/2022 13:25:06;imagery_derived_DEM\SCOOP_2013_DTM_PackageH;False;True;.img;56;2;CGVD28;topo;4;NAD83 CSRS (UTM 18);April 26 to May 7 2013;N/A;https://geohub.lio.gov.on.ca/maps/mnrf::ontario-classified-point-cloud-imagery-derived/about;https://www.publicdocs.mnr.gov.on.ca/mirb/Ontario-Class-Point-Cloud-Imagery-Derived-User-Guide.docx;2016;topo\IMAGERY\SCOOP_2013_H_extent.shp;True;High resolution Imagery derived DTM from SCOOP_H acquistion by the Government of Ontario
SCOOP_2013_G_extent;SCOOP_G;Imagery-derived DTM;Government of Ontario;False;22/11/2022 13:25:07;imagery_derived_DEM\SCOOP_2013_DTM_PackageG;False;True;.img;57;2;CGVD28;topo;4;NAD83 CSRS (UTM 18);April 26 to May 7 2013;N/A;https://geohub.lio.gov.on.ca/maps/mnrf::ontario-classified-point-cloud-imagery-derived/about;https://www.publicdocs.mnr.gov.on.ca/mirb/Ontario-Class-Point-Cloud-Imagery-Derived-User-Guide.docx;2016;topo\IMAGERY\SCOOP_2013_G_extent.shp;True;High resolution Imagery derived DTM from SCOOP_G acquistion by the Government of Ontario
DRAPE_2014_G_extent;DRAPE_G;Imagery-derived DTM;Government of Ontario;False;22/11/2022 13:25:08;imagery_derived_DEM\DRAPE_2014_G;False;True;.img;58;2;CGVD28;topo;4;NAD83 CSRS (UTM 18);April 28 to June 7 2014;N/A;https://geohub.lio.gov.on.ca/maps/mnrf::ontario-classified-point-cloud-imagery-derived/about;https://www.publicdocs.mnr.gov.on.ca/mirb/Ontario-Class-Point-Cloud-Imagery-Derived-User-Guide.docx;2016;topo\IMAGERY\DRAPE_2014_G_extent.shp;True;High resolution Imagery derived DTM from DRAPE_G acquistion by the Government of Ontario
DRAPE_2014_F_extent;DRAPE_F;Imagery-derived DTM;Government of Ontario;False;22/11/2022 13:25:09;imagery_derived_DEM\DRAPE_2014_DTM_PackageF;False;True;.img;59;2;CGVD28;topo;4;NAD83 CSRS (UTM 18);April 28 to June 7 2014;N/A;https://geohub.lio.gov.on.ca/maps/mnrf::ontario-classified-point-cloud-imagery-derived/about;https://www.publicdocs.mnr.gov.on.ca/mirb/Ontario-Class-Point-Cloud-Imagery-Derived-User-Guide.docx;2016;topo\IMAGERY\DRAPE_2014_F_extent.shp;True;High resolution Imagery derived DTM from DRAPE_F acquistion by the Government of Ontario
DRAPE_2014_D_extent;DRAPE_D;Imagery-derived DTM;Government of Ontario;False;22/11/2022 13:25:10;imagery_derived_DEM\DRAPE_2014_D;False;True;.img;60;2;CGVD28;topo;4;NAD83 CSRS (UTM 18);April 28 to June 7 2014;N/A;https://geohub.lio.gov.on.ca/maps/mnrf::ontario-classified-point-cloud-imagery-derived/about;https://www.publicdocs.mnr.gov.on.ca/mirb/Ontario-Class-Point-Cloud-Imagery-Derived-User-Guide.docx;2016;topo\IMAGERY\DRAPE_2014_D_extent.shp;True;High resolution Imagery derived DTM from DRAPE_D acquistion by the Government of Ontario
SHOAL_GTA_extent;SHOALS_GTA;Bathymetic Lidar;USACE;True;;Lidar_bathy_others;False;False;.csv;55;5;CGVD28;topo_bathy;4;north americ lambert conformal conic;2001;N/A;N/A;N/A;;;False;Bathymetric Lidar dataset from USACE SHOALS project
SHOAL_Niagara_extent;SHOALS_Niagara;Bathymetic Lidar;USACE;True;;Lidar_bathy_others;False;False;.csv;56;5;CGVD28;topo_bathy;4;north americ lambert conformal conic;2001;N/A;N/A;N/A;;;False;Bathymetric Lidar dataset from USACE SHOALS project
CE_M1-1_mosaic_min_post_treated_min_IGLD85;CE_M1-1;Bathymetic Lidar-derived DTM;DFO/ECCC;True;;Lidar_bathy_SHC\Lidar_DTM\CE_M1-1_new\mosaic;False;False;.tif;52;2;IGLD85;topo_bathy;5;NAD83 CSRS (UTM17);November-December 2017;;N/A;N/A;2017;bathy\LIDAR_BATHY_SHC\CE_M1-1_mosaic_min_post_treated_min_IGLD85.shp;True;DTM created specifically for this study by HES-ECCC from bathymetric Lidar Pointclouds provided by DFO/ECCC. Those datasets are used in lower priority than topographic Lidar
CE_M1-2_mosaic_min_post_treated_min_IGLD85;CE_M1-2;Bathymetic Lidar-derived DTM;DFO/ECCC;True;;Lidar_bathy_SHC\Lidar_DTM\CE_M1-2_new\mosaic;False;False;.tif;51;2;IGLD85;topo_bathy;5;NAD83 CSRS (UTM17);November-December 2018;;N/A;N/A;2017;bathy\LIDAR_BATHY_SHC\CE_M1-2_mosaic_min_post_treated_min_IGLD85.shp;True;DTM created specifically for this study by HES-ECCC from bathymetric Lidar Pointclouds provided by DFO/ECCC. Those datasets are used in lower priority than topographic Lidar
CE_M1-3_mosaic_min_post_treated_min_IGLD85;CE_M1-3;Bathymetic Lidar-derived DTM;DFO/ECCC;True;;Lidar_bathy_SHC\Lidar_DTM\CE_M1-3_new\mosaic;False;False;.tif;50;2;IGLD85;topo_bathy;5;NAD83 CSRS (UTM17);November-December 2019;;N/A;N/A;2017;bathy\LIDAR_BATHY_SHC\CE_M1-3_mosaic_min_post_treated_min_IGLD85.shp;True;DTM created specifically for this study by HES-ECCC from bathymetric Lidar Pointclouds provided by DFO/ECCC. Those datasets are used in lower priority than topographic Lidar
CE_M2-A_mosaic_min_post_treated_min_IGLD85;CE_M2-A;Bathymetic Lidar-derived DTM;DFO/ECCC;True;;Lidar_bathy_SHC\Lidar_DTM\CE_M2-A_new\mosaic;False;False;.tif;49;2;IGLD85;topo_bathy;5;NAD83 CSRS (UTM17);November-December 2020;;N/A;N/A;2017;bathy\LIDAR_BATHY_SHC\CE_M2-A_mosaic_min_post_treated_min_IGLD85.shp;True;DTM created specifically for this study by HES-ECCC from bathymetric Lidar Pointclouds provided by DFO/ECCC. Those datasets are used in lower priority than topographic Lidar
CE_M2-B_mosaic_min_post_treated_min_IGLD85;CE_M2-B;Bathymetic Lidar-derived DTM;DFO/ECCC;True;;Lidar_bathy_SHC\Lidar_DTM\CE_M2-B_new\mosaic;False;False;.tif;48;2;IGLD85;topo_bathy;5;NAD83 CSRS (UTM17);November-December 2021;;N/A;N/A;2017;bathy\LIDAR_BATHY_SHC\CE_M2-B_mosaic_min_post_treated_min_IGLD85.shp;True;DTM created specifically for this study by HES-ECCC from bathymetric Lidar Pointclouds provided by DFO/ECCC. Those datasets are used in lower priority than topographic Lidar
CE_M2-C_mosaic_min_post_treated_min_IGLD85;CE_M2-C;Bathymetic Lidar-derived DTM;DFO/ECCC;True;;Lidar_bathy_SHC\Lidar_DTM\CE_M2-C_new\mosaic;False;False;.tif;47;2;IGLD85;topo_bathy;5;NAD83 CSRS (UTM17);November-December 2022;;N/A;N/A;2017;bathy\LIDAR_BATHY_SHC\CE_M2-C_mosaic_min_post_treated_min_IGLD85.shp;True;DTM created specifically for this study by HES-ECCC from bathymetric Lidar Pointclouds provided by DFO/ECCC. Those datasets are used in lower priority than topographic Lidar
CE_M2-D_mosaic_min_post_treated_min_IGLD85;CE_M2-D;Bathymetic Lidar-derived DTM;DFO/ECCC;True;;Lidar_bathy_SHC\Lidar_DTM\CE_M2-D_new\mosaic;False;False;.tif;46;2;IGLD85;topo_bathy;5;NAD83 CSRS (UTM17);November-December 2023;;N/A;N/A;2017;bathy\LIDAR_BATHY_SHC\CE_M2-D_mosaic_min_post_treated_min_IGLD85.shp;True;DTM created specifically for this study by HES-ECCC from bathymetric Lidar Pointclouds provided by DFO/ECCC. Those datasets are used in lower priority than topographic Lidar
CE_M2-E_mosaic_min_post_treated_min_IGLD85;CE_M2-E;Bathymetic Lidar-derived DTM;DFO/ECCC;True;;Lidar_bathy_SHC\Lidar_DTM\CE_M2-E_new\mosaic;False;False;.tif;45;2;IGLD85;topo_bathy;5;NAD83 CSRS (UTM17);November-December 2024;;N/A;N/A;2017;bathy\LIDAR_BATHY_SHC\CE_M2-E_mosaic_min_post_treated_min_IGLD85.shp;True;DTM created specifically for this study by HES-ECCC from bathymetric Lidar Pointclouds provided by DFO/ECCC. Those datasets are used in lower priority than topographic Lidar
CE_M2-F_mosaic_min_post_treated_min_IGLD85;CE_M2-F;Bathymetic Lidar-derived DTM;DFO/ECCC;True;;Lidar_bathy_SHC\Lidar_DTM\CE_M2-F_new\mosaic;False;False;.tif;44;2;IGLD85;topo_bathy;5;NAD83 CSRS (UTM17);November-December 2025;;N/A;N/A;2017;bathy\LIDAR_BATHY_SHC\CE_M2-F_mosaic_min_post_treated_min_IGLD85.shp;True;DTM created specifically for this study by HES-ECCC from bathymetric Lidar Pointclouds provided by DFO/ECCC. Those datasets are used in lower priority than topographic Lidar
CE_M1-1_mosaic_min_post_treated_min_IGLD85_wetlands;CE_M1-1_wetland;Bathymetic Lidar-derived DTM;DFO/ECCC;True;;Lidar_bathy_SHC\Lidar_DTM\CE_M1-1_new\mosaic;False;False;.tif;18;2;IGLD85;topo_bathy;5;NAD83 CSRS (UTM17);November-December 2026;;N/A;N/A;2017;bathy\LIDAR_BATHY_WETLANDS\CE_M1-1_mosaic_min_post_treated_min_IGLD85_wetlands.shp;True;Only in wetlands. DTM created specifically for this study by HES-ECCC from bathymetric Lidar Pointclouds provided by DFO/ECCC. Those datasets are used in priority over topographic Lidar
CE_M1-2_mosaic_min_post_treated_min_IGLD85_wetlands;CE_M1-2_wetland;Bathymetic Lidar-derived DTM;DFO/ECCC;True;;Lidar_bathy_SHC\Lidar_DTM\CE_M1-2_new\mosaic;False;False;.tif;19;2;IGLD85;topo_bathy;5;NAD83 CSRS (UTM17);November-December 2027;;N/A;N/A;2017;bathy\LIDAR_BATHY_WETLANDS\CE_M1-2_mosaic_min_post_treated_min_IGLD85_wetlands.shp;True;Only in wetlands. DTM created specifically for this study by HES-ECCC from bathymetric Lidar Pointclouds provided by DFO/ECCC. Those datasets are used in priority over topographic Lidar
CE_M1-3_mosaic_min_post_treated_min_IGLD85_wetlands;CE_M1-3_wetland;Bathymetic Lidar-derived DTM;DFO/ECCC;True;;Lidar_bathy_SHC\Lidar_DTM\CE_M1-3_new\mosaic;False;False;.tif;20;2;IGLD85;topo_bathy;5;NAD83 CSRS (UTM17);November-December 2028;;N/A;N/A;2017;bathy\LIDAR_BATHY_WETLANDS\CE_M1-3_mosaic_min_post_treated_min_IGLD85_wetlands.shp;True;Only in wetlands. DTM created specifically for this study by HES-ECCC from bathymetric Lidar Pointclouds provided by DFO/ECCC. Those datasets are used in priority over topographic Lidar
CE_M2-A_mosaic_min_post_treated_min_IGLD85_wetlands;CE_M2-A_wetland;Bathymetic Lidar-derived DTM;DFO/ECCC;True;;Lidar_bathy_SHC\Lidar_DTM\CE_M2-A_new\mosaic;False;False;.tif;21;2;IGLD85;topo_bathy;5;NAD83 CSRS (UTM17);November-December 2029;;N/A;N/A;2017;bathy\LIDAR_BATHY_WETLANDS\CE_M2-A_mosaic_min_post_treated_min_IGLD85_wetlands.shp;True;Only in wetlands. DTM created specifically for this study by HES-ECCC from bathymetric Lidar Pointclouds provided by DFO/ECCC. Those datasets are used in priority over topographic Lidar
CE_M2-B_mosaic_min_post_treated_min_IGLD85_wetlands;CE_M2-B_wetland;Bathymetic Lidar-derived DTM;DFO/ECCC;True;;Lidar_bathy_SHC\Lidar_DTM\CE_M2-B_new\mosaic;False;False;.tif;22;2;IGLD85;topo_bathy;5;NAD83 CSRS (UTM17);November-December 2030;;N/A;N/A;2017;bathy\LIDAR_BATHY_WETLANDS\CE_M2-B_mosaic_min_post_treated_min_IGLD85_wetlands.shp;True;Only in wetlands. DTM created specifically for this study by HES-ECCC from bathymetric Lidar Pointclouds provided by DFO/ECCC. Those datasets are used in priority over topographic Lidar
CE_M2-C_mosaic_min_post_treated_min_IGLD85_wetlands;CE_M2-C_wetland;Bathymetic Lidar-derived DTM;DFO/ECCC;True;;Lidar_bathy_SHC\Lidar_DTM\CE_M2-C_new\mosaic;False;False;.tif;23;2;IGLD85;topo_bathy;5;NAD83 CSRS (UTM17);November-December 2031;;N/A;N/A;2017;bathy\LIDAR_BATHY_WETLANDS\CE_M2-C_mosaic_min_post_treated_min_IGLD85_wetlands.shp;True;Only in wetlands. DTM created specifically for this study by HES-ECCC from bathymetric Lidar Pointclouds provided by DFO/ECCC. Those datasets are used in priority over topographic Lidar
CE_M2-D_mosaic_min_post_treated_min_IGLD85_wetlands;CE_M2-D_wetland;Bathymetic Lidar-derived DTM;DFO/ECCC;True;;Lidar_bathy_SHC\Lidar_DTM\CE_M2-D_new\mosaic;False;False;.tif;24;2;IGLD85;topo_bathy;5;NAD83 CSRS (UTM17);November-December 2032;;N/A;N/A;2017;bathy\LIDAR_BATHY_WETLANDS\CE_M2-D_mosaic_min_post_treated_min_IGLD85_wetlands.shp;True;Only in wetlands. DTM created specifically for this study by HES-ECCC from bathymetric Lidar Pointclouds provided by DFO/ECCC. Those datasets are used in priority over topographic Lidar
CE_M2-E_mosaic_min_post_treated_min_IGLD85_wetlands;CE_M2-E_wetland;Bathymetic Lidar-derived DTM;DFO/ECCC;True;;Lidar_bathy_SHC\Lidar_DTM\CE_M2-E_new\mosaic;False;False;.tif;25;2;IGLD85;topo_bathy;5;NAD83 CSRS (UTM17);November-December 2033;;N/A;N/A;2017;bathy\LIDAR_BATHY_WETLANDS\CE_M2-E_mosaic_min_post_treated_min_IGLD85_wetlands.shp;True;Only in wetlands. DTM created specifically for this study by HES-ECCC from bathymetric Lidar Pointclouds provided by DFO/ECCC. Those datasets are used in priority over topographic Lidar
CE_M2-F_mosaic_min_post_treated_min_IGLD85_wetlands;CE_M2-F_wetland;Bathymetic Lidar-derived DTM;DFO/ECCC;True;;Lidar_bathy_SHC\Lidar_DTM\CE_M2-F_new\mosaic;False;False;.tif;26;2;IGLD85;topo_bathy;5;NAD83 CSRS (UTM17);November-December 2034;;N/A;N/A;2017;bathy\LIDAR_BATHY_WETLANDS\CE_M2-F_mosaic_min_post_treated_min_IGLD85_wetlands.shp;True;Only in wetlands. DTM created specifically for this study by HES-ECCC from bathymetric Lidar Pointclouds provided by DFO/ECCC. Those datasets are used in priority over topographic Lidar
polyberge_BayfieldBay;Bayfield_LOSLR;DEM generated from RTK points;IJC/ECCC;True;;F:\DEM_GLAMM\LOSLR_Wetland_Bathymetry\results\CAN\BayfieldBay;False;False;.tif;1;5;IGLD85;topo_bathy;3;;18-19 May 2003;;N/A;N/A;2016;bathy\LOSLR_WETLANDS\polyberge_BayfieldBay.shp;False;Topobathy DEMs created by kriging from RTK surveys collected in various wetlands for the 2006 IJC LOSLR study  
polyberge_BigSandBay;BigSandBay_LOSLR;DEM generated from RTK points;IJC/ECCC;True;;F:\DEM_GLAMM\LOSLR_Wetland_Bathymetry\results\CAN\BigSandBay;False;False;.tif;2;5;IGLD85;topo_bathy;3;;June 2nd 2003;;N/A;N/A;2016;bathy\LOSLR_WETLANDS\polyberge_BigSandBay.shp;False;Topobathy DEMs created by kriging from RTK surveys collected in various wetlands for the 2006 IJC LOSLR study  
polyberge_ButtonBay;ButtonBay_LOSLR;DEM generated from RTK points;IJC/ECCC;True;;F:\DEM_GLAMM\LOSLR_Wetland_Bathymetry\results\CAN\ButtonBay;False;False;.tif;3;5;IGLD85;topo_bathy;3;;17 May 2003;;N/A;N/A;2016;bathy\LOSLR_WETLANDS\polyberge_ButtonBay.shp;False;Topobathy DEMs created by kriging from RTK surveys collected in various wetlands for the 2006 IJC LOSLR study  
polyberge_HayBay1;HayBay_LOSLR;DEM generated from RTK points;IJC/ECCC;True;;F:\DEM_GLAMM\LOSLR_Wetland_Bathymetry\results\CAN\HayBay1;False;False;.tif;4;5;IGLD85;topo_bathy;3;;25-27 May 2003;;N/A;N/A;2016;bathy\LOSLR_WETLANDS\polyberge_HayBay1.shp;False;Topobathy DEMs created by kriging from RTK surveys collected in various wetlands for the 2006 IJC LOSLR study  
polyberge_HayBay2;HayBay_LOSLR;DEM generated from RTK points;IJC/ECCC;True;;F:\DEM_GLAMM\LOSLR_Wetland_Bathymetry\results\CAN\HayBay2;False;False;.tif;5;5;IGLD85;topo_bathy;3;;23 May 2003;;N/A;N/A;2016;bathy\LOSLR_WETLANDS\polyberge_HayBay2.shp;False;Topobathy DEMs created by kriging from RTK surveys collected in various wetlands for the 2006 IJC LOSLR study  
polyberge_HuycksBay;HuycksBay_LOSLR;DEM generated from RTK points;IJC/ECCC;True;;F:\DEM_GLAMM\LOSLR_Wetland_Bathymetry\results\CAN\HuycksBay;False;False;.tif;6;5;IGLD85;topo_bathy;3;;May 30th 2003;;N/A;N/A;2016;bathy\LOSLR_WETLANDS\polyberge_HuycksBay.shp;False;Topobathy DEMs created by kriging from RTK surveys collected in various wetlands for the 2006 IJC LOSLR study  
polyberge_LittleCataraqui;LittleCataraqui_LOSLR;DEM generated from RTK points;IJC/ECCC;True;;F:\DEM_GLAMM\LOSLR_Wetland_Bathymetry\results\CAN\LittleCataraqui;False;False;.tif;7;5;IGLD85;topo_bathy;3;;21-22 May 2003;;N/A;N/A;2016;bathy\LOSLR_WETLANDS\polyberge_LittleCataraqui.shp;False;Topobathy DEMs created by kriging from RTK surveys collected in various wetlands for the 2006 IJC LOSLR study  
polyberge_ParrottBay;ParrottBay_LOSLR;DEM generated from RTK points;IJC/ECCC;True;;F:\DEM_GLAMM\LOSLR_Wetland_Bathymetry\results\CAN\ParrottBay;False;False;.tif;8;5;IGLD85;topo_bathy;3;;May 20th 2003;;N/A;N/A;2016;bathy\LOSLR_WETLANDS\polyberge_ParrottBay.shp;False;Topobathy DEMs created by kriging from RTK surveys collected in various wetlands for the 2006 IJC LOSLR study  
polyberge_PortBritain;PortBritain_LOSLR;DEM generated from RTK points;IJC/ECCC;True;;F:\DEM_GLAMM\LOSLR_Wetland_Bathymetry\results\CAN\PortBritain;False;False;.tif;9;5;IGLD85;topo_bathy;3;;June 7th 2003;;N/A;N/A;2016;bathy\LOSLR_WETLANDS\polyberge_PortBritain.shp;False;Topobathy DEMs created by kriging from RTK surveys collected in various wetlands for the 2006 IJC LOSLR study  
polyberge_RobinsonCove;RobinsonCove_LOSLR;DEM generated from RTK points;IJC/ECCC;True;;F:\DEM_GLAMM\LOSLR_Wetland_Bathymetry\results\CAN\RobinsonCove;False;False;.tif;10;5;IGLD85;topo_bathy;3;;May 28th 2003;;N/A;N/A;2016;bathy\LOSLR_WETLANDS\polyberge_RobinsonCove.shp;False;Topobathy DEMs created by kriging from RTK surveys collected in various wetlands for the 2006 IJC LOSLR study  
polyberge_WilmotCreek;WilmotCreek_LOSLR;DEM generated from RTK points;IJC/ECCC;True;;F:\DEM_GLAMM\LOSLR_Wetland_Bathymetry\results\CAN\WilmotCreek;False;False;.tif;11;5;IGLD85;topo_bathy;3;;June 8th 2003;;N/A;N/A;2016;bathy\LOSLR_WETLANDS\polyberge_WilmotCreek.shp;False;Topobathy DEMs created by kriging from RTK surveys collected in various wetlands for the 2006 IJC LOSLR study  
T2018_NCMP_NY_Ontario;T2018_NCMP_NY_Ontario;Bathymetic Lidar-derived DTM;NOAA;False;;;;;;;;IGLD85;topo_bathy;5;;2018;;2018 USACE NCMP Topobathy Lidar: Lake Ontario, NY Point Cloud files with Orthometric Vertical Datum North American Vertical Datum of 1988 (NAVD88) using GEOID18 (noaa-nos-coastal-lidar-pds.s3.amazonaws.com);2018 USACE NCMP Topobathy Lidar: Lake Ontario, NY | InPort (noaa.gov);;;;Topobathy bare earth Digital Elevation Models (DEMs) at a 1 meter grid spacing, created from the lidar point data
T2011_NCMP_NY_Ontario;T2011_NCMP_NY_Ontario;Bathymetic Lidar-derived DTM;NOAA;False;;F:\DEM_GLAMM\USA\USACE_DEM_2023\LKO\Tiled_DEMs;False;True;.tif;27;1;IGLD85;topo_bathy;5;;2011;;2011 USACE NCMP Topobathy Lidar: Lake Superior (MI), Lake Ontario and Lake Erie (NY) Point Cloud files with Orthometric Vertical Datum North American Vertical Datum of 1988 (NAVD88) using GEOID18 (noaa-nos-coastal-lidar-pds.s3.amazonaws.com);2011 USACE NCMP Topobathy Lidar: Michigan (Lake Superior) and New York (Lakes Erie and... | InPort (noaa.gov);2019;topo\USA\DEM_USACE_extent_LKO.shp;True;Bare earth Digital Elevation Models (DEM) created from the lidar point data
T2014_USGS_GreatLakes_Phase2_L3_IGLD85;T2014_USGS_GreatLakes_Phase2_L3_IGLD85;Lidar-derived DTM;USGS;True;;F:\DEM_GLAMM\USA\USACE_DEM_2023\USL\Tiled_DEMs;False;True;.tif;25;1;IGLD85;topo;5;;2014;;http://prd-tnm.s3.amazonaws.com/index.html?prefix=StagedProducts/Elevation/OPR/Projects/FEMA_Region_2_NY_Great_Lakes_Area_QL2_LiDAR/NY_GreatLakes_Phase2_L3_2014;http://prd-tnm.s3.amazonaws.com/index.html?prefix=StagedProducts/Elevation/metadata/FEMA_Region_2_NY_Great_Lakes_Area_QL2_LiDAR/NY_GreatLakes-Phase2-L3_2014;2019;topo\USA\DEM_USACE_extent_USL.shp;True;1 meter cell size hydro flattened Digital Elevation Models (DEMs) from topgraphic lidar pointclouds. Elevation values in NAVD88 converted to IGLD85 using Vdatum software
T2018_USGS_NY_CayugaOswego_IGLD85;T2018_USGS_NY_CayugaOswego_IGLD85;Lidar-derived DTM;USGS;True;;F:\DEM_GLAMM\USA\Lake_Ontario_Final_Rasters;False;True;.tif;26;1;IGLD85;topo;5;;2018;;http://prd-tnm.s3.amazonaws.com/index.html?prefix=StagedProducts/Elevation/OPR/Projects/NY_CayugaOswegoCounties_2018_A18/NY_CayugaOswego_2018;http://prd-tnm.s3.amazonaws.com/index.html?prefix=StagedProducts/Elevation/OPR/Projects/NY_CayugaOswegoCounties_2018_A18/NY_CayugaOswego_2018/metadata/;2019;topo\USA\OLD_USACE_extent.shp;True;1 meter cell size hydro flattened Digital Elevation Models (DEMs) from topgraphic lidar pointclouds. Elevation values in NAVD88 converted to IGLD85 using Vdatum software
T2014_USGS_GreatLakesPhase2_L3;T2014_USGS_GreatLakesPhase2_L3;Lidar-derived DTM;USGS;False;;F:\DEM_GLAMM\MNT_QC\MNT;False;True;.tif;28;1;IGLD85;topo;5;;2014;;http://prd-tnm.s3.amazonaws.com/index.html?prefix=StagedProducts/Elevation/OPR/Projects/FEMA_Region_2_NY_Great_Lakes_Area_QL2_LiDAR/NY_GreatLakes_Phase2_L3_2014;http://prd-tnm.s3.amazonaws.com/index.html?prefix=StagedProducts/Elevation/OPR/Projects/FEMA_Region_2_NY_Great_Lakes_Area_QL2_LiDAR/NY_GreatLakes_Phase2_L3_2014/metadata/;2018;topo\MNT_QC\MNT_Lidar_QC_2018_extent.shp;False;1 meter cell size hydro flattened Digital Elevation Models (DEMs) from topgraphic lidar pointclouds
T2018_USGS_NY_CayugaOswego;T2018_USGS_NY_CayugaOswego;Lidar-derived DTM;USGS;False;;F:\DEM_GLAMM\MNT_CMM\LSL\TIF_LSL;False;True;.tif;29;0.25;IGLD85;topo;5;;2018;;http://prd-tnm.s3.amazonaws.com/index.html?prefix=StagedProducts/Elevation/OPR/Projects/NY_CayugaOswegoCounties_2018_A18/NY_CayugaOswego_2018;http://prd-tnm.s3.amazonaws.com/index.html?prefix=StagedProducts/Elevation/OPR/Projects/NY_CayugaOswegoCounties_2018_A18/NY_CayugaOswego_2018/metadata/;2018;topo\MNT_CMM\CMM_Lidar_extent.shp;False;1 meter cell size hydro flattened Digital Elevation Models (DEMs) from topgraphic lidar pointclouds
T2022_USACE_eHydro_Rasters;T2022_USACE_eHydro_Rasters;DEM derived from bathymetric soundings;USACE;False;;NONNA\NONNA_packages\processed;False;True;.tiff;70;10;IGLD85;bathy;3;WGS 84;2022;;USACE Hydrographic Surveys (arcgis.com);;;;False;Various bathymetric soundings from USACE
T2014_NOAA_LLV_DEM;T2014_NOAA_LLV_DEM;DEM derived from multiple sources;NOAA;False;;Bathy_Pat_SLR\Cornwall-Trois-Rivieres;False;False;.csv;64;10;IGLD85;topo_bathy;2;MTM8;2014;;Lake Level Viewer (noaa.gov);https://coast.noaa.gov/data/docs/digitalcoast/llv/faq.pdf;;;False;3 meter resolution topo-bathymetric DEM created from the best available datasource in the fall of 2014.
T2007_NCMP_NY_Ontario;T2007_NCMP_NY_Ontario;Bathymetic Lidar-derived DTM;NOAA;False;;Bathy_Pat_SLR\Cornwall-Trois-Rivieres;False;False;.csv;65;10;IGLD85;topo_bathy;3;MTM8;2007;;2007 USACE NCMP Topobathy Lidar: Lake Ontario (NY) Point Cloud files with Orthometric Vertical Datum North American Vertical Datum of 1988 (NAVD88) using GEOID18 (noaa-nos-coastal-lidar-pds.s3.amazonaws.com);2007 USACE NCMP Topobathy Lidar: Lake Ontario (NY) | InPort (noaa.gov);;;False;Topo-bathymetric survey unsing the CHARTS survey system
T2017_MonroeCounty_1m_DEM_IGLD85;T2017_MonroeCounty_1m_DEM_IGLD85;Lidar-derived DTM;Monroe County;True;;Bathy_Pat_SLR\Cornwall-Trois-Rivieres;False;False;.csv;66;10;IGLD85;topo;5;MTM8;2017;;Geocortex Viewer for HTML5 (monroecounty.gov);Monroe County, NY - GIS Data;;;False;DEMs derived from Xeos' 2017 Lidar Flyover. Elevation values converted to IGLD85 using Vdatum software
T2017_MonroeCounty_1m_DEM;T2017_MonroeCounty_1m_DEM;Lidar-derived DTM;Monroe County;False;;Bathy_Pat_SLR\Cornwall-Trois-Rivieres;False;False;.csv;67;10;IGLD85;topo;5;MTM8;2017;;Geocortex Viewer for HTML5 (monroecounty.gov);Monroe County, NY - GIS Data;;;False;DEMs derived from Xeos' 2017 Lidar Flyover
T2014_USGS_NY_FEMA_R2L2_OrleansCo_IGLD85;T2014_USGS_NY_FEMA_R2L2_OrleansCo_IGLD85;Lidar-derived DTM;USGS;True;;Bathy_Pat_SLR\Cornwall-Trois-Rivieres;False;False;.csv;68;10;IGLD85;topo;5;MTM8;2014;;http://prd-tnm.s3.amazonaws.com/index.html?prefix=StagedProducts/Elevation/OPR/Projects/FEMA_Region_2_NY_Great_Lakes_Area_QL2_LiDAR/NY_FEMA_R2L2_OrleansCo_2014;http://prd-tnm.s3.amazonaws.com/index.html?prefix=StagedProducts/Elevation/OPR/Projects/FEMA_Region_2_NY_Great_Lakes_Area_QL2_LiDAR/NY_FEMA_R2L2_OrleansCo_2014/metadata/;;;False;1 meter cell size hydro flattened Digital Elevation Models (DEMs) from topgraphic lidar pointclouds. Elevation values in NAVD88 converted to IGLD85 using Vdatum software
T2014_USGS_NY_FEMA_R2L2_OrleansCo;T2014_USGS_NY_FEMA_R2L2_OrleansCo;Lidar-derived DTM;USGS;False;;Bathy_Pat_SLR\Cornwall-Trois-Rivieres;False;False;.csv;69;10;IGLD85;topo;5;MTM8;2014;;http://prd-tnm.s3.amazonaws.com/index.html?prefix=StagedProducts/Elevation/OPR/Projects/FEMA_Region_2_NY_Great_Lakes_Area_QL2_LiDAR/NY_FEMA_R2L2_OrleansCo_2014;http://prd-tnm.s3.amazonaws.com/index.html?prefix=StagedProducts/Elevation/OPR/Projects/FEMA_Region_2_NY_Great_Lakes_Area_QL2_LiDAR/NY_FEMA_R2L2_OrleansCo_2014/metadata/;;;False;1 meter cell size hydro flattened Digital Elevation Models (DEMs) from topgraphic lidar pointclouds. Elevation values in NAVD88 converted to IGLD85 using Vdatum software
T2018_USGS_NY_FEMA_R2_Central_D19_IGLD85;T2018_USGS_NY_FEMA_R2_Central_D19_IGLD85;Lidar-derived DTM;USGS;True;;;;;;;;IGLD85;topo;5;;2018;;http://prd-tnm.s3.amazonaws.com/index.html?prefix=StagedProducts/Elevation/OPR/Projects/NY_FEMAR2_Central_2018_D19/NY_FEMAR2_Central_3_2018;http://prd-tnm.s3.amazonaws.com/index.html?prefix=StagedProducts/Elevation/OPR/Projects/NY_FEMAR2_Central_2018_D19/NY_FEMAR2_Central_3_2018/metadata/;;;;1 meter cell size hydro flattened Digital Elevation Models (DEMs) from topgraphic lidar pointclouds. Elevation values in NAVD88 converted to IGLD85 using Vdatum software
T2018_USGS_NY_FEMA_R2_Central_D19;T2018_USGS_NY_FEMA_R2_Central_D19;Lidar-derived DTM;USGS;False;;;;;;;;IGLD85;topo;5;;2018;;http://prd-tnm.s3.amazonaws.com/index.html?prefix=StagedProducts/Elevation/OPR/Projects/NY_FEMAR2_Central_2018_D19/NY_FEMAR2_Central_3_2018;http://prd-tnm.s3.amazonaws.com/index.html?prefix=StagedProducts/Elevation/OPR/Projects/NY_FEMAR2_Central_2018_D19/NY_FEMAR2_Central_3_2018/metadata/;;;;1 meter cell size hydro flattened Digital Elevation Models (DEMs) from topgraphic lidar pointclouds. Elevation values in NAVD88 converted to IGLD85 using Vdatum software
NY_FEMAR-R2-B2_2016;NY_FEMAR-R2-B2_2016;Lidar-derived DTM;USGS;False;;;;;;;;;topo;5;;2016;;http://prd-tnm.s3.amazonaws.com/index.html?prefix=StagedProducts/Elevation/OPR/Projects/NY_FEMA_R2_LiDAR_2016_D17/NY_FEMA_R2_B2_2016;http://prd-tnm.s3.amazonaws.com/index.html?prefix=StagedProducts/Elevation/metadata/NY_FEMA_R2_LiDAR_2016_D17/NY_FEMA-R2-B2_2016;;;;1 meter cell size Digital Elevation Models (DEMs) from topgraphic lidar pointclouds.
T2010_NYSGPO_JeffersonBlackRiver;T2010_NYSGPO_JeffersonBlackRiver;Lidar-derived DTM;New York State;False;;;;;;;;;topo;4;;2010;;https://orthos.dhses.ny.gov/#;https://orthos.dhses.ny.gov/#;;;;2 meter cell size Digital Elevation Models (DEMs) from topgraphic lidar pointclouds.
MNT_Lidar_QC_2018_extent;DTM_Lidar_QC_2018;Lidar-derived DTM;Quebec Government;False;;;;;;;;CGVD28;topo;5;;2018;;diffusion.mffp.gouv.qc.ca - /Diffusion/DonneeGratuite/Foret/IMAGERIE/Produits_derives_LiDAR/;https://www.donneesquebec.ca/recherche/dataset/produits-derives-de-base-du-lidar;;;;1 meter cell size Digital Elevation Models (DEMs) from topgraphic lidar pointclouds.
CMM_Lidar_extent;DTM_Lidar_CMM;Lidar-derived DTM;Communaute Metropolitaine de Montreal;False;;;;;;;;CGVD28;topo;5;;August-October 2018;;N/A;N/A;;;;0.25 meter cell size Digital Elevation Models (DEMs) from topgraphic lidar pointclouds
NOAA_GRID;NOAA_GRID;Regular grid based on multiple datasource;NOAA;True;;;;;;;;IGLD85;bathy;1;;Grid created in 1999, although datsats come from 1912 to 1991;;https://www.ncei.noaa.gov/products/great-lakes-bathymetry;https://data.noaa.gov//metaview/page?xml=NOAA/NESDIS/NGDC/MGG/DEM/iso/xml/282.xml&view=getDataView&header=none;;;;Various bathymetric data sources incorporated in a 70 meter resolution regular grid.  Data sources incorporated in this product and their footprint can be found at: https://www.ngdc.noaa.gov/mgg/greatlakes/lakeontario_cdrom/html/data_src.htm
NONNA_10;NONNA_10;Multiple bathymetric datasource;DFO/CHS;True;;;;;;;;CD;bathy;2;;Data collection last update is in 2022. Although, datasets were collected from as far as 1912 to recent days;;https://data.chs-shc.ca/dashboard/map;https://open.canada.ca/data/en/dataset/d3881c4c-650d-4070-bf9b-1e00aabf0a1d;;;;Various bathymetric data sources incorporated in a 10-meter resolution product. When the original data resolution is coarser than 10m, there is no inteprolation, hence gaps remain in dataset. When original data is finer than 10m, dataset is resampled at a 10m resolution with seamless coverage. Original dataset footprints can be retreived by downloading data in CSAR format via https://data.chs-shc.ca/dashboard/map 
DEM_Paul_GLAM_L2M150_proj;DEM_GLAM_L2M;Multiple bathymetric datasource;ECCC-HES;True;;;;;;;;CGVD28;bathy;3;;Dataset collection, last update in 2020. Different datasets were collected at various dates;;N/A;N/A;;;;Various bathymetric data sources incorporated in a single product by ECCC-HES. It is a combination of data acquisition campaign from previous study, DFO-CHS soundings and DFO-CHS NONNA products
DEM_Paul_GLAM_Lachine+3patch150_proj;DEM_GLAM_Lachine+;Multiple bathymetric datasource;ECCC-HES;True;;;;;;;;CGVD28;bathy;3;;Dataset collection, last update in 2023. Different datasets were collected at various dates;;N/A;N/A;;;;Various bathymetric data sources incorporated in a single product by ECCC-HES. It is a combination of data acquisition campaign from previous study, DFO-CHS soundings and DFO-CHS NONNA products
LSL_11mars20_GLAM_clean2150_proj;DEM_GLAM_LSL;Multiple bathymetric datasource;ECCC-HES;True;;;;;;;;CGVD28;bathy;3;;Dataset collection, last update in 2020. Different datasets were collected at various dates;;N/A;N/A;;;;Various bathymetric data sources incorporated in a single product by ECCC-HES. It is a combination of data acquisition campaign from previous study, DFO-CHS soundings and DFO-CHS NONNA products
Lano_Champlain_V2023_proj150;Lanoraie_Champlain_v2023;Multiple bathymetric datasource;ECCC-HES;True;;;;;;;;CGVD28;bathy;3;;Dataset collection, last update in 2023. Different datasets were collected at various dates;;N/A;N/A;;;;Various bathymetric data sources incorporated in a single product by ECCC-HES. It is a combination of data acquisition campaign from previous study, DFO-CHS soundings and DFO-CHS NONNA products
Mtl_LanoNA_V2023_proj150;Montreal_Lanoraie_v2023;Multiple bathymetric datasource;ECCC-HES;True;;;;;;;;CGVD28;bathy;3;;Dataset collection, last update in 2023. Different datasets were collected at various dates;;N/A;N/A;;;;Various bathymetric data sources incorporated in a single product by ECCC-HES. It is a combination of data acquisition campaign from previous study, DFO-CHS soundings and DFO-CHS NONNA products
LSF_2023_IGLD_proj150;LSF_v2023;Multiple bathymetric datasource;ECCC-HES;True;;;;;;;;IGLD85;bathy;3;;Dataset collection, last update in 2023. Different datasets were collected at various dates;;N/A;N/A;;;;Various bathymetric data sources incorporated in a single product by ECCC-HES. It is a combination of data acquisition campaign from previous study, DFO-CHS soundings and DFO-CHS NONNA products
